nom,prenom,date_naissance,adresse,date_adhesion,fonction,num_club
Muller,mathis,1981-08-20,26 rue Muller,1986-08-20,,1
Chevalier,samuel,2010-05-13,24 rue Chevalier,2015-05-13,,1
Dupont,samuel,2003-06-11,132 rue Dupont,2008-06-11,,1
Nicolas,lucas,2008-10-24,143 rue Nicolas,2013-10-24,,1
Leroy,thomas,1991-07-14,138 rue Leroy,1996-07-14,,1
Guerin,maël,1990-06-26,109 rue Guerin,1995-06-26,,1
Durand,chloé,1998-05-18,121 rue Durand,2003-05-18,,1
Lefèvre,ethan,1984-02-03,55 rue Lefèvre,1989-02-03,,1
Roussel,julia,2002-12-05,43 rue Roussel,2007-12-05,,1
Masson,louis,2006-08-13,143 rue Masson,2011-08-13,,1
Boyer,candice,1989-04-28,132 rue Boyer,1994-04-28,,1
Leroy,rose,1991-02-20,108 rue Leroy,1996-02-20,,1
Masson,samuel,1987-05-21,44 rue Masson,1992-05-21,,1
Gauthier,camille,1995-06-14,126 rue Gauthier,2000-06-14,,1
Mercier,mila,1985-07-08,132 rue Mercier,1990-07-08,,1
Petit,mia,1984-02-20,28 rue Petit,1989-02-20,,1
Morin,léo,2003-02-23,7 rue Morin,2008-02-23,,1
Lefèvre,louis,1982-04-09,22 rue Lefèvre,1987-04-09,,1
Chevalier,candice,1999-12-25,107 rue Chevalier,2004-12-25,,1
Boyer,timéo,1999-04-22,40 rue Boyer,2004-04-22,,1
Boyer,jade,1998-11-24,91 rue Boyer,2003-11-24,,1
Vincent,thomas,1981-10-24,137 rue Vincent,1986-10-24,,1
Bernard,candice,1988-02-22,12 rue Bernard,1993-02-22,,1
Francois,julia,1986-06-04,86 rue Francois,1991-06-04,,1
Chevalier,tiago,1987-10-16,85 rue Chevalier,1992-10-16,,1
Muller,ambre,2010-04-02,29 rue Muller,2015-04-02,,1
Laurent,paul,2009-04-15,98 rue Laurent,2014-04-15,,1
Bernard,rose,1991-06-27,77 rue Bernard,1996-06-27,,1
Roux,emy,1981-03-04,79 rue Roux,1986-03-04,,1
Bonnet,lucas,1988-11-04,9 rue Bonnet,1993-11-04,president,1
Clement,raphaël,1992-11-05,145 rue Clement,1997-11-05,secretaire,1
Roussel,tom,2008-06-08,14 rue Roussel,2013-06-08,tresorier,1
Garcia,ethan,2007-06-17,37 rue Garcia,2012-06-17,,2
Garcia,jade,1989-12-21,133 rue Garcia,1994-12-21,,2
Chevalier,léo,2004-05-18,127 rue Chevalier,2009-05-18,,2
Lefevre,léo,2005-04-05,68 rue Lefevre,2010-04-05,,2
Robin,arthur,1997-12-07,89 rue Robin,2002-12-07,,2
Chevalier,lucas,1985-07-09,60 rue Chevalier,1990-07-09,,2
Girard,chloé,2006-02-02,107 rue Girard,2011-02-02,,2
Girard,théo,2009-05-09,128 rue Girard,2014-05-09,,2
Boyer,valentin,2008-07-07,74 rue Boyer,2013-07-07,,2
Vincent,thomas,1993-12-18,132 rue Vincent,1998-12-18,,2
Lambert,emy,2003-07-01,13 rue Lambert,2008-07-01,,2
Clement,maël,1998-02-18,64 rue Clement,2003-02-18,,2
Perrin,samuel,1988-06-02,96 rue Perrin,1993-06-02,,2
Garcia,arthur,1997-09-25,4 rue Garcia,2002-09-25,,2
Richard,chloé,2002-07-17,116 rue Richard,2007-07-17,,2
Laurent,arthur,2004-08-18,133 rue Laurent,2009-08-18,,2
Moreau,emy,1988-11-07,44 rue Moreau,1993-11-07,,2
Chevalier,mila,1992-05-26,105 rue Chevalier,1997-05-26,,2
Robert,louise,1983-08-16,148 rue Robert,1988-08-16,,2
Andre,gabin,1989-10-11,6 rue Andre,1994-10-11,,2
Mathieu,antoine,2002-01-23,9 rue Mathieu,2007-01-23,,2
Legran,julia,1991-12-15,106 rue Legran,1996-12-15,,2
Faure,gabin,2006-07-03,129 rue Faure,2011-07-03,,2
Morel,théo,1990-06-02,114 rue Morel,1995-06-02,,2
Morin,gabin,1986-01-03,112 rue Morin,1991-01-03,,2
Gauthier,tiago,2004-04-17,30 rue Gauthier,2009-04-17,,2
Garnier,eden,1996-02-20,33 rue Garnier,2001-02-20,,2
Perrin,gabriel,1996-04-09,13 rue Perrin,2001-04-09,,2
Lambert,gabriel,2008-01-03,74 rue Lambert,2013-01-03,president,2
Rousseau,samuel,1995-10-16,23 rue Rousseau,2000-10-16,secretaire,2
Gauthier,lucas,2006-08-20,146 rue Gauthier,2011-08-20,tresorier,2
Petit,tom,1994-07-21,46 rue Petit,1999-07-21,,3
Lefevre,anna,1995-04-23,4 rue Lefevre,2000-04-23,,3
Robin,lucie,1984-04-02,61 rue Robin,1989-04-02,,3
Petit,sacha,1983-11-12,62 rue Petit,1988-11-12,,3
Masson,alice,1996-07-11,25 rue Masson,2001-07-11,,3
Bonnet,mia,2008-09-02,102 rue Bonnet,2013-09-02,,3
Garnier,tom,1999-05-19,140 rue Garnier,2004-05-19,,3
Roux,léa,1997-05-04,32 rue Roux,2002-05-04,,3
Petit,lucas,2000-01-19,145 rue Petit,2005-01-19,,3
Dubois,mathéo,2002-03-28,20 rue Dubois,2007-03-28,,3
Richard,ambre,1986-11-06,71 rue Richard,1991-11-06,,3
David,samuel,1980-06-10,81 rue David,1985-06-10,,3
Petit,hugo,1992-06-20,97 rue Petit,1997-06-20,,3
Muller,zoé,1994-06-12,132 rue Muller,1999-06-12,,3
Dupont,louis,2003-02-13,30 rue Dupont,2008-02-13,,3
Vincent,chloé,1983-04-03,8 rue Vincent,1988-04-03,,3
Moreau,agathe,2004-10-09,93 rue Moreau,2009-10-09,,3
Mercier,jules,2007-07-11,134 rue Mercier,2012-07-11,,3
Vincent,rose,2002-05-24,113 rue Vincent,2007-05-24,,3
Lefevre,théo,1997-08-07,35 rue Lefevre,2002-08-07,,3
Girard,valentin,1984-06-24,24 rue Girard,1989-06-24,,3
Clement,élise,1991-05-02,128 rue Clement,1996-05-02,,3
Roussel,thomas,2009-02-26,51 rue Roussel,2014-02-26,,3
Thomas,ambre,1987-03-20,106 rue Thomas,1992-03-20,,3
Garcia,léonie,2006-12-12,33 rue Garcia,2011-12-12,,3
Robert,samuel,2001-11-01,126 rue Robert,2006-11-01,,3
Garnier,gabin,1980-05-12,21 rue Garnier,1985-05-12,,3
Leroy,jules,1997-09-24,9 rue Leroy,2002-09-24,,3
Richard,maël,1986-11-18,143 rue Richard,1991-11-18,,3
Dupont,julia,1989-05-19,10 rue Dupont,1994-05-19,,3
Henry,louise,2003-09-16,113 rue Henry,2008-09-16,,3
Robin,jules,1996-10-01,98 rue Robin,2001-10-01,,3
Rousseau,zoé,1989-02-02,99 rue Rousseau,1994-02-02,,3
Leroy,agathe,1987-02-16,125 rue Leroy,1992-02-16,,3
Dubois,ambre,1993-07-02,53 rue Dubois,1998-07-02,,3
Lefevre,antoine,1982-11-08,79 rue Lefevre,1987-11-08,,3
David,léonie,1983-08-28,30 rue David,1988-08-28,,3
Robert,julia,1993-11-08,31 rue Robert,1998-11-08,,3
Francois,romane,2001-06-06,29 rue Francois,2006-06-06,,3
Andre,alice,1996-08-04,110 rue Andre,2001-08-04,,3
Muller,zoé,1983-01-24,14 rue Muller,1988-01-24,,3
David,chloé,1985-09-26,111 rue David,1990-09-26,,3
Bernard,mathéo,2007-05-06,146 rue Bernard,2012-05-06,,3
Henry,eden,1993-11-03,100 rue Henry,1998-11-03,,3
Fontaine,romane,2001-04-18,16 rue Fontaine,2006-04-18,,3
Lefevre,alice,1990-10-22,31 rue Lefevre,1995-10-22,,3
Gauthier,maël,1986-09-24,86 rue Gauthier,1991-09-24,,3
Fournier,maël,2010-12-04,123 rue Fournier,2015-12-04,,3
Perrin,théo,2000-07-28,104 rue Perrin,2005-07-28,,3
Andre,emma,1984-12-05,130 rue Andre,1989-12-05,president,3
Durand,rose,1991-01-10,132 rue Durand,1996-01-10,secretaire,3
Martin,timéo,1989-12-14,129 rue Martin,1994-12-14,tresorier,3
Lambert,valentin,1998-05-17,97 rue Lambert,2003-05-17,,4
Mathieu,mathis,2008-09-23,47 rue Mathieu,2013-09-23,,4
Richard,camille,2003-04-04,123 rue Richard,2008-04-04,,4
Garnier,valentin,1987-06-03,84 rue Garnier,1992-06-03,,4
Leroy,julia,2005-02-22,68 rue Leroy,2010-02-22,,4
Bertrand,thomas,2001-07-09,88 rue Bertrand,2006-07-09,,4
Fontaine,camille,2007-05-13,102 rue Fontaine,2012-05-13,,4
Fournier,chloé,2007-08-14,47 rue Fournier,2012-08-14,,4
Nicolas,antoine,1985-05-13,19 rue Nicolas,1990-05-13,,4
Michel,sacha,1996-08-27,97 rue Michel,2001-08-27,,4
Morel,lucas,2009-05-01,113 rue Morel,2014-05-01,president,4
Fontaine,chloé,1990-08-12,39 rue Fontaine,1995-08-12,secretaire,4
Mercier,gabin,2010-12-28,76 rue Mercier,2015-12-28,tresorier,4
Guerin,alice,1993-11-08,48 rue Guerin,1998-11-08,,5
Fontaine,ambre,2010-06-21,46 rue Fontaine,2015-06-21,,5
Vincent,mila,2007-07-10,136 rue Vincent,2012-07-10,,5
Laurent,emma,1998-04-08,15 rue Laurent,2003-04-08,,5
Mercier,louis,1998-07-23,96 rue Mercier,2003-07-23,,5
Bernard,antoine,1990-06-26,93 rue Bernard,1995-06-26,,5
Faure,julia,1981-10-14,95 rue Faure,1986-10-14,,5
Lefevre,lucie,1997-01-24,12 rue Lefevre,2002-01-24,,5
Fontaine,louis,2007-11-17,70 rue Fontaine,2012-11-17,,5
Clement,léo,2005-03-22,139 rue Clement,2010-03-22,,5
Robin,tom,1992-12-13,117 rue Robin,1997-12-13,,5
Blanc,emma,2004-07-02,82 rue Blanc,2009-07-02,,5
Lambert,valentin,2001-02-11,92 rue Lambert,2006-02-11,,5
Blanc,gabriel,2002-12-05,22 rue Blanc,2007-12-05,,5
Legran,nathan,1988-06-02,35 rue Legran,1993-06-02,,5
Bonnet,jade,1995-08-16,15 rue Bonnet,2000-08-16,,5
Dubois,mathis,1984-12-01,138 rue Dubois,1989-12-01,,5
Richard,candice,1992-10-28,97 rue Richard,1997-10-28,,5
Thomas,louise,2010-08-13,114 rue Thomas,2015-08-13,,5
Lefèvre,léo,1984-11-12,119 rue Lefèvre,1989-11-12,,5
Roux,camille,2007-06-21,32 rue Roux,2012-06-21,,5
Fontaine,samuel,1987-01-25,5 rue Fontaine,1992-01-25,,5
Bonnet,tiago,1986-05-01,107 rue Bonnet,1991-05-01,,5
Boyer,eden,1992-07-01,55 rue Boyer,1997-07-01,,5
Robin,élise,2005-02-02,89 rue Robin,2010-02-02,,5
Richard,raphaël,2002-02-25,91 rue Richard,2007-02-25,,5
Girard,ethan,2004-04-04,58 rue Girard,2009-04-04,,5
Durand,mila,1995-08-24,14 rue Durand,2000-08-24,,5
Girard,emy,1985-02-10,83 rue Girard,1990-02-10,,5
Thomas,antoine,1983-05-08,64 rue Thomas,1988-05-08,,5
Gauthier,jules,1998-09-07,148 rue Gauthier,2003-09-07,,5
Faure,amélia,1982-10-06,40 rue Faure,1987-10-06,,5
Chevalier,mathéo,1983-07-20,41 rue Chevalier,1988-07-20,,5
Dubois,jade,1998-06-09,80 rue Dubois,2003-06-09,,5
Gauthier,valentin,2001-05-08,57 rue Gauthier,2006-05-08,,5
Robin,léo,1984-01-07,119 rue Robin,1989-01-07,,5
Martin,ethan,2000-06-15,98 rue Martin,2005-06-15,,5
Durand,andréa,1992-01-17,117 rue Durand,1997-01-17,,5
Perrin,camille,2008-08-07,149 rue Perrin,2013-08-07,,5
Simon,baptiste,1988-05-04,38 rue Simon,1993-05-04,,5
Morin,amélia,1986-10-12,109 rue Morin,1991-10-12,,5
Rousseau,hugo,1988-06-05,107 rue Rousseau,1993-06-05,,5
Masson,zoé,1998-04-06,64 rue Masson,2003-04-06,,5
Dubois,tiago,2005-01-08,104 rue Dubois,2010-01-08,,5
Moreau,mia,1990-05-20,23 rue Moreau,1995-05-20,,5
Petit,timéo,1986-09-10,127 rue Petit,1991-09-10,,5
Vincent,valentin,1998-10-13,109 rue Vincent,2003-10-13,,5
Andre,zoé,2005-04-21,76 rue Andre,2010-04-21,,5
Chevalier,baptiste,1994-08-02,99 rue Chevalier,1999-08-02,,5
Martin,thomas,1981-09-20,109 rue Martin,1986-09-20,president,5
Gautier,eden,2009-03-10,107 rue Gautier,2014-03-10,secretaire,5
Simon,gabriel,2010-10-26,38 rue Simon,2015-10-26,tresorier,5
David,emma,1988-06-24,102 rue David,1993-06-24,,6
Dupont,léonie,1995-05-23,128 rue Dupont,2000-05-23,,6
Gautier,timéo,1989-03-07,108 rue Gautier,1994-03-07,,6
Petit,emy,1981-03-01,139 rue Petit,1986-03-01,,6
Fournier,rose,1988-01-23,83 rue Fournier,1993-01-23,,6
Rousseau,paul,1997-04-27,47 rue Rousseau,2002-04-27,,6
Mathieu,chloé,2002-10-09,39 rue Mathieu,2007-10-09,,6
Roussel,timéo,1996-06-02,126 rue Roussel,2001-06-02,,6
Roussel,maël,2008-11-12,108 rue Roussel,2013-11-12,,6
Richard,zoé,1996-03-20,125 rue Richard,2001-03-20,,6
Roussel,antoine,1992-07-06,61 rue Roussel,1997-07-06,,6
Francois,mathéo,1996-11-06,58 rue Francois,2001-11-06,,6
Morin,timéo,1992-02-25,54 rue Morin,1997-02-25,president,6
Dupont,emy,2010-01-01,123 rue Dupont,2015-01-01,secretaire,6
Bonnet,julia,2006-05-12,47 rue Bonnet,2011-05-12,tresorier,6
Fontaine,romane,1987-05-16,49 rue Fontaine,1992-05-16,,7
Vincent,timéo,1984-01-05,83 rue Vincent,1989-01-05,,7
Gauthier,andréa,1989-10-04,43 rue Gauthier,1994-10-04,,7
Laurent,lucas,2000-02-11,142 rue Laurent,2005-02-11,,7
Bertrand,samuel,1984-06-06,23 rue Bertrand,1989-06-06,,7
Roux,candice,1990-04-06,33 rue Roux,1995-04-06,,7
Clement,anna,2002-01-12,103 rue Clement,2007-01-12,,7
Faure,louis,2001-08-09,145 rue Faure,2006-08-09,,7
Faure,timéo,1992-04-19,107 rue Faure,1997-04-19,,7
Durand,paul,1984-11-08,74 rue Durand,1989-11-08,,7
Dupont,emy,1985-06-25,19 rue Dupont,1990-06-25,,7
Henry,emma,1992-12-20,84 rue Henry,1997-12-20,,7
Martin,zoé,1989-12-21,17 rue Martin,1994-12-21,,7
Nicolas,emy,1994-04-11,122 rue Nicolas,1999-04-11,,7
Lefevre,théo,1996-08-19,5 rue Lefevre,2001-08-19,,7
Dubois,tom,1994-03-27,60 rue Dubois,1999-03-27,,7
Legran,amélia,1999-04-16,39 rue Legran,2004-04-16,,7
Andre,samuel,2002-10-24,57 rue Andre,2007-10-24,,7
Morel,mathis,1999-10-24,78 rue Morel,2004-10-24,,7
Roussel,emy,2009-05-11,70 rue Roussel,2014-05-11,,7
Thomas,louis,2004-03-03,10 rue Thomas,2009-03-03,,7
Rousseau,nathan,1986-07-24,55 rue Rousseau,1991-07-24,,7
Guerin,gabriel,1984-08-07,99 rue Guerin,1989-08-07,,7
Thomas,chloé,1992-11-14,35 rue Thomas,1997-11-14,,7
Lefevre,paul,2009-09-01,14 rue Lefevre,2014-09-01,,7
Faure,arthur,1992-09-27,43 rue Faure,1997-09-27,,7
Lefevre,antoine,1998-09-24,33 rue Lefevre,2003-09-24,,7
Roux,paul,2001-02-26,84 rue Roux,2006-02-26,,7
Morel,léo,1985-12-28,133 rue Morel,1990-12-28,,7
Robin,gabriel,1999-10-22,17 rue Robin,2004-10-22,,7
Morin,élise,2004-01-27,7 rue Morin,2009-01-27,,7
Dubois,valentin,2005-03-20,49 rue Dubois,2010-03-20,,7
Petit,andréa,1996-03-23,74 rue Petit,2001-03-23,,7
Francois,samuel,1989-09-28,37 rue Francois,1994-09-28,,7
Faure,agathe,1990-10-01,45 rue Faure,1995-10-01,,7
Blanc,léo,2010-11-04,48 rue Blanc,2015-11-04,,7
Leroy,ambre,2009-07-20,125 rue Leroy,2014-07-20,,7
Lefevre,amélia,1987-03-27,83 rue Lefevre,1992-03-27,,7
Bertrand,gabin,1991-10-05,36 rue Bertrand,1996-10-05,,7
Muller,louise,1994-05-12,73 rue Muller,1999-05-12,,7
Garnier,anna,2007-04-23,68 rue Garnier,2012-04-23,,7
Chevalier,louise,1980-02-06,41 rue Chevalier,1985-02-06,,7
Morel,lucas,1988-02-14,50 rue Morel,1993-02-14,,7
Francois,maël,1982-02-16,125 rue Francois,1987-02-16,,7
Lefevre,agathe,1995-07-19,30 rue Lefevre,2000-07-19,,7
Durand,anna,1997-09-18,68 rue Durand,2002-09-18,,7
Rousseau,louis,1984-03-25,93 rue Rousseau,1989-03-25,,7
Guerin,emma,2010-05-12,116 rue Guerin,2015-05-12,,7
Muller,tiago,2007-02-12,8 rue Muller,2012-02-12,,7
Vincent,mila,1981-07-16,115 rue Vincent,1986-07-16,president,7
Morin,arthur,2001-09-18,15 rue Morin,2006-09-18,secretaire,7
Thomas,andréa,1985-10-10,104 rue Thomas,1990-10-10,tresorier,7
Bertrand,samuel,1998-12-21,76 rue Bertrand,2003-12-21,,8
Laurent,chloé,2010-08-08,124 rue Laurent,2015-08-08,,8
Lefèvre,alice,1982-10-05,56 rue Lefèvre,1987-10-05,,8
Dubois,tiago,2000-04-07,69 rue Dubois,2005-04-07,,8
Lefèvre,léa,2010-09-14,138 rue Lefèvre,2015-09-14,,8
Robin,agathe,2007-10-20,123 rue Robin,2012-10-20,,8
Dubois,emma,1993-02-06,30 rue Dubois,1998-02-06,,8
Laurent,eden,2005-08-18,136 rue Laurent,2010-08-18,,8
Chevalier,camille,1982-12-26,52 rue Chevalier,1987-12-26,,8
Legran,emy,2002-02-17,40 rue Legran,2007-02-17,,8
Bernard,mia,2005-08-08,68 rue Bernard,2010-08-08,president,8
Bertrand,anna,1983-07-22,114 rue Bertrand,1988-07-22,secretaire,8
Roussel,mathéo,1980-11-08,12 rue Roussel,1985-11-08,tresorier,8
Bonnet,léo,2007-06-03,19 rue Bonnet,2012-06-03,,9
Roux,valentin,2008-04-22,79 rue Roux,2013-04-22,,9
Andre,julia,1999-06-13,78 rue Andre,2004-06-13,,9
Mathieu,jules,1999-07-11,63 rue Mathieu,2004-07-11,,9
David,emy,2009-02-05,33 rue David,2014-02-05,,9
Mathieu,léa,1999-09-26,148 rue Mathieu,2004-09-26,,9
Martin,raphaël,1983-09-21,81 rue Martin,1988-09-21,,9
Perrin,léa,2006-05-22,100 rue Perrin,2011-05-22,,9
Blanc,tiago,1981-09-02,26 rue Blanc,1986-09-02,,9
Durand,louis,1986-01-14,94 rue Durand,1991-01-14,,9
Blanc,mathéo,1993-04-24,44 rue Blanc,1998-04-24,,9
Moreau,tiago,1996-02-09,108 rue Moreau,2001-02-09,,9
David,léa,1994-06-07,135 rue David,1999-06-07,,9
Legran,lucas,1981-03-05,145 rue Legran,1986-03-05,,9
Perrin,mila,2000-11-28,92 rue Perrin,2005-11-28,,9
Lambert,amélia,1984-12-21,111 rue Lambert,1989-12-21,,9
Morel,valentin,1998-06-15,17 rue Morel,2003-06-15,,9
Robin,chloé,1981-07-08,10 rue Robin,1986-07-08,,9
Legran,antoine,1982-05-01,118 rue Legran,1987-05-01,,9
Dubois,lucie,2010-07-21,93 rue Dubois,2015-07-21,,9
Robert,emma,1988-10-16,17 rue Robert,1993-10-16,,9
Michel,ethan,1996-09-09,12 rue Michel,2001-09-09,,9
Bernard,candice,1987-07-08,133 rue Bernard,1992-07-08,,9
Roussel,alice,1997-06-02,114 rue Roussel,2002-06-02,,9
Blanc,samuel,1995-04-02,46 rue Blanc,2000-04-02,,9
Vincent,sacha,1993-04-06,5 rue Vincent,1998-04-06,,9
Bernard,tom,1994-03-26,58 rue Bernard,1999-03-26,,9
Simon,rose,1999-04-16,126 rue Simon,2004-04-16,,9
Chevalier,mia,1982-04-10,89 rue Chevalier,1987-04-10,,9
Perrin,rose,1994-04-13,102 rue Perrin,1999-04-13,,9
Boyer,camille,2004-04-09,117 rue Boyer,2009-04-09,,9
Bernard,jade,1983-03-26,42 rue Bernard,1988-03-26,,9
David,jules,1988-12-26,56 rue David,1993-12-26,,9
Chevalier,maël,1986-11-23,57 rue Chevalier,1991-11-23,,9
Fournier,tom,1985-01-24,71 rue Fournier,1990-01-24,,9
Nicolas,maël,1989-01-13,101 rue Nicolas,1994-01-13,,9
Gautier,théo,1999-09-23,82 rue Gautier,2004-09-23,,9
Morin,mia,1986-07-14,89 rue Morin,1991-07-14,,9
Martin,léonie,1996-10-06,105 rue Martin,2001-10-06,,9
Laurent,sacha,1980-10-23,112 rue Laurent,1985-10-23,,9
Richard,tiago,1989-11-10,1 rue Richard,1994-11-10,,9
Masson,théo,2001-07-09,20 rue Masson,2006-07-09,,9
Vincent,amélia,2006-04-20,54 rue Vincent,2011-04-20,,9
Mathieu,maël,1995-12-03,32 rue Mathieu,2000-12-03,,9
Petit,mathéo,1984-12-19,141 rue Petit,1989-12-19,,9
Perrin,eden,1994-08-19,27 rue Perrin,1999-08-19,,9
Garnier,théo,2000-10-14,43 rue Garnier,2005-10-14,,9
Robin,mathéo,1985-08-09,44 rue Robin,1990-08-09,,9
Lefevre,ethan,1994-10-17,82 rue Lefevre,1999-10-17,,9
Clement,mathéo,2003-03-15,19 rue Clement,2008-03-15,,9
Clement,jules,1993-09-14,142 rue Clement,1998-09-14,,9
Thomas,rose,1987-01-23,44 rue Thomas,1992-01-23,,9
Gautier,baptiste,1987-03-25,107 rue Gautier,1992-03-25,,9
Garcia,paul,2004-07-24,118 rue Garcia,2009-07-24,,9
Simon,arthur,1980-09-04,51 rue Simon,1985-09-04,,9
Dubois,maël,2007-09-28,37 rue Dubois,2012-09-28,,9
Robert,emma,1983-01-02,75 rue Robert,1988-01-02,,9
Dubois,élise,1999-11-16,4 rue Dubois,2004-11-16,,9
Masson,gabin,1982-09-17,32 rue Masson,1987-09-17,president,9
Nicolas,chloé,1980-01-19,38 rue Nicolas,1985-01-19,secretaire,9
Moreau,léonie,2007-10-27,144 rue Moreau,2012-10-27,tresorier,9
Nicolas,romane,2003-09-18,110 rue Nicolas,2008-09-18,,10
Thomas,agathe,2005-07-02,103 rue Thomas,2010-07-02,,10
Andre,sacha,1984-08-09,22 rue Andre,1989-08-09,,10
Moreau,lucie,1982-03-27,41 rue Moreau,1987-03-27,,10
Garnier,rose,1996-01-15,22 rue Garnier,2001-01-15,,10
Faure,léa,1991-05-19,46 rue Faure,1996-05-19,,10
Roussel,chloé,1988-01-08,139 rue Roussel,1993-01-08,,10
Blanc,samuel,2004-02-12,31 rue Blanc,2009-02-12,,10
Laurent,julia,2010-11-15,126 rue Laurent,2015-11-15,,10
Robert,hugo,2004-07-19,115 rue Robert,2009-07-19,,10
Durand,gabriel,1988-04-07,7 rue Durand,1993-04-07,,10
Henry,julia,1994-03-23,122 rue Henry,1999-03-23,,10
Bertrand,maël,1994-02-18,126 rue Bertrand,1999-02-18,,10
Muller,paul,1999-10-19,71 rue Muller,2004-10-19,,10
Morel,alice,1991-06-06,50 rue Morel,1996-06-06,,10
Lefèvre,alice,1996-06-13,51 rue Lefèvre,2001-06-13,,10
Michel,maël,1994-06-10,121 rue Michel,1999-06-10,,10
Fournier,élise,1983-11-22,42 rue Fournier,1988-11-22,,10
Garcia,antoine,2003-02-21,62 rue Garcia,2008-02-21,,10
Mercier,ambre,1981-02-19,55 rue Mercier,1986-02-19,,10
Garcia,timéo,1982-01-26,93 rue Garcia,1987-01-26,,10
Michel,hugo,2008-01-10,52 rue Michel,2013-01-10,,10
Bonnet,maël,1992-11-21,64 rue Bonnet,1997-11-21,,10
Dubois,candice,1993-07-24,94 rue Dubois,1998-07-24,,10
Rousseau,jules,1993-02-03,118 rue Rousseau,1998-02-03,,10
Lambert,léonie,1982-08-13,37 rue Lambert,1987-08-13,,10
Mathieu,eden,2001-10-16,150 rue Mathieu,2006-10-16,,10
Dubois,timéo,1983-02-02,41 rue Dubois,1988-02-02,,10
Roussel,candice,1989-05-01,104 rue Roussel,1994-05-01,president,10
Robin,agathe,2001-12-09,148 rue Robin,2006-12-09,secretaire,10
Gauthier,timéo,2004-06-12,64 rue Gauthier,2009-06-12,tresorier,10
